<application>
  <component name="KeyPromoterXStatistic">
    <option name="statistics">
      <Statistic Action="Actual Size">
        <Item>
          <IdeaActionID>UML.ActualSize</IdeaActionID>
          <ShortCut>'Ctrl+NumPad /' or 'Ctrl+/'</ShortCut>
          <Description>Actual Size</Description>
          <Count>1</Count>
        </Item>
      </Statistic>
      <Statistic Action="Add">
        <Item>
          <IdeaActionID>Git.Add</IdeaActionID>
          <ShortCut>'Ctrl+Alt+A'</ShortCut>
          <Description>Add</Description>
          <Count>23</Count>
        </Item>
      </Statistic>
      <Statistic Action="Copy Reference">
        <Item>
          <IdeaActionID>CopyReference</IdeaActionID>
          <ShortCut>'Ctrl+Alt+Shift+C'</ShortCut>
          <Description>Copy Reference</Description>
          <Count>2</Count>
        </Item>
      </Statistic>
      <Statistic Action="Debug">
        <Item>
          <IdeaActionID>ActivateDebugToolWindow</IdeaActionID>
          <ShortCut>'Alt+5'</ShortCut>
          <Description>Debug</Description>
          <Count>1</Count>
        </Item>
      </Statistic>
      <Statistic Action="Debug 'HelloWorldServer'">
        <Item>
          <IdeaActionID>Debug</IdeaActionID>
          <ShortCut>'Shift+F9'</ShortCut>
          <Description>Debug 'HelloWorldServer'</Description>
          <Count>56</Count>
        </Item>
      </Statistic>
      <Statistic Action="Debug 'RxtxClient'">
        <Item>
          <IdeaActionID>Debug</IdeaActionID>
          <ShortCut>'Shift+F9'</ShortCut>
          <Description>Debug 'RxtxClient'</Description>
          <Count>3</Count>
        </Item>
      </Statistic>
      <Statistic Action="Debug 'Scratch (2)'">
        <Item>
          <IdeaActionID>Debug</IdeaActionID>
          <ShortCut>'Shift+F9'</ShortCut>
          <Description>Debug 'Scratch (2)'</Description>
          <Count>1</Count>
        </Item>
      </Statistic>
      <Statistic Action="Debug 'StaircasePlus'">
        <Item>
          <IdeaActionID>Debug</IdeaActionID>
          <ShortCut>'Shift+F9'</ShortCut>
          <Description>Debug 'StaircasePlus'</Description>
          <Count>1</Count>
        </Item>
      </Statistic>
      <Statistic Action="Directory Path">
        <Item>
          <IdeaActionID>ShowFilePath</IdeaActionID>
          <ShortCut>'Ctrl+Alt+F12'</ShortCut>
          <Description>Directory Path</Description>
          <Count>1</Count>
        </Item>
      </Statistic>
      <Statistic Action="Evaluate Expression...">
        <Item>
          <IdeaActionID>EvaluateExpression</IdeaActionID>
          <ShortCut>'Alt+F8'</ShortCut>
          <Description>Evaluate Expression...</Description>
          <Count>104</Count>
        </Item>
      </Statistic>
      <Statistic Action="Exclude">
        <Item>
          <IdeaActionID>Maven.Uml.Exclude</IdeaActionID>
          <ShortCut>'Shift+Delete'</ShortCut>
          <Description>Exclude</Description>
          <Count>14</Count>
        </Item>
      </Statistic>
      <Statistic Action="Execute">
        <Item>
          <IdeaActionID>Console.Jdbc.Execute</IdeaActionID>
          <ShortCut>'Ctrl+Enter'</ShortCut>
          <Description>Execute</Description>
          <Count>1</Count>
        </Item>
      </Statistic>
      <Statistic Action="Favorites">
        <Item>
          <IdeaActionID>ActivateFavoritesToolWindow</IdeaActionID>
          <ShortCut>'Alt+2'</ShortCut>
          <Description>Favorites</Description>
          <Count>4</Count>
        </Item>
      </Statistic>
      <Statistic Action="Find Usages">
        <Item>
          <IdeaActionID>FindUsages</IdeaActionID>
          <ShortCut>'Alt+F7'</ShortCut>
          <Description>Find Usages</Description>
          <Count>4</Count>
        </Item>
      </Statistic>
      <Statistic Action="Force Step Into">
        <Item>
          <IdeaActionID>ForceStepInto</IdeaActionID>
          <ShortCut>'Alt+Shift+F7'</ShortCut>
          <Description>Force Step Into</Description>
          <Count>4</Count>
        </Item>
      </Statistic>
      <Statistic Action="Implementation(s)">
        <Item>
          <IdeaActionID>GotoImplementation</IdeaActionID>
          <ShortCut>'Ctrl+Alt+B'</ShortCut>
          <Description>Implementation(s)</Description>
          <Count>1</Count>
        </Item>
      </Statistic>
      <Statistic Action="Jump to Source">
        <Item>
          <IdeaActionID>EditSource</IdeaActionID>
          <ShortCut>'F4'</ShortCut>
          <Description>Jump to Source</Description>
          <Count>1</Count>
        </Item>
      </Statistic>
      <Statistic Action="Open Task...">
        <Item>
          <IdeaActionID>tasks.goto</IdeaActionID>
          <ShortCut>'Alt+Shift+N'</ShortCut>
          <Description>Open Task...</Description>
          <Count>1</Count>
        </Item>
      </Statistic>
      <Statistic Action="Preview the current selected bug.">
        <Item>
          <IdeaActionID>FindBugs.PreviewSelectBugInstance</IdeaActionID>
          <ShortCut>'Alt+Q'</ShortCut>
          <Description>Preview the current selected bug.</Description>
          <Count>3</Count>
        </Item>
      </Statistic>
      <Statistic Action="Project Structure...">
        <Item>
          <IdeaActionID>ShowProjectStructureSettings</IdeaActionID>
          <ShortCut>'Ctrl+Alt+Shift+S'</ShortCut>
          <Description>Project Structure...</Description>
          <Count>6</Count>
        </Item>
      </Statistic>
      <Statistic Action="Recompile 'DeltaEnergy.java'">
        <Item>
          <IdeaActionID>Compile</IdeaActionID>
          <ShortCut>'Ctrl+Shift+F9'</ShortCut>
          <Description>Recompile 'DeltaEnergy.java'</Description>
          <Count>1</Count>
        </Item>
      </Statistic>
      <Statistic Action="Reformat Code">
        <Item>
          <IdeaActionID>ReformatCode</IdeaActionID>
          <ShortCut>'Ctrl+Alt+L'</ShortCut>
          <Description>Reformat Code</Description>
          <Count>1</Count>
        </Item>
      </Statistic>
      <Statistic Action="Rename...">
        <Item>
          <IdeaActionID>RenameElement</IdeaActionID>
          <ShortCut>'Shift+F6'</ShortCut>
          <Description>Rename...</Description>
          <Count>1</Count>
        </Item>
      </Statistic>
      <Statistic Action="Rerun 'HelloWorldServer'">
        <Item>
          <IdeaActionID>Rerun</IdeaActionID>
          <ShortCut>'Ctrl+F5'</ShortCut>
          <Description>Rerun 'HelloWorldServer'</Description>
          <Count>1</Count>
        </Item>
      </Statistic>
      <Statistic Action="Restore Windows">
        <Item>
          <IdeaActionID>HideAllWindows</IdeaActionID>
          <ShortCut>'Ctrl+Shift+F12'</ShortCut>
          <Description>Restore Windows</Description>
          <Count>43</Count>
        </Item>
      </Statistic>
      <Statistic Action="Revert...">
        <Item>
          <IdeaActionID>ChangesView.Revert</IdeaActionID>
          <ShortCut>'Ctrl+Alt+Z'</ShortCut>
          <Description>Revert...</Description>
          <Count>2</Count>
        </Item>
      </Statistic>
      <Statistic Action="Run 'ByteUtil'">
        <Item>
          <IdeaActionID>Run</IdeaActionID>
          <ShortCut>'Shift+F10'</ShortCut>
          <Description>Run 'ByteUtil'</Description>
          <Count>1</Count>
        </Item>
      </Statistic>
      <Statistic Action="Run 'Client (1)'">
        <Item>
          <IdeaActionID>Run</IdeaActionID>
          <ShortCut>'Shift+F10'</ShortCut>
          <Description>Run 'Client (1)'</Description>
          <Count>11</Count>
        </Item>
      </Statistic>
      <Statistic Action="Run 'Client'">
        <Item>
          <IdeaActionID>Run</IdeaActionID>
          <ShortCut>'Shift+F10'</ShortCut>
          <Description>Run 'Client'</Description>
          <Count>9</Count>
        </Item>
      </Statistic>
      <Statistic Action="Run 'FastThreadLocalTest'">
        <Item>
          <IdeaActionID>Run</IdeaActionID>
          <ShortCut>'Shift+F10'</ShortCut>
          <Description>Run 'FastThreadLocalTest'</Description>
          <Count>1</Count>
        </Item>
      </Statistic>
      <Statistic Action="Run 'HelloWorldServer'">
        <Item>
          <IdeaActionID>Run</IdeaActionID>
          <ShortCut>'Shift+F10'</ShortCut>
          <Description>Run 'HelloWorldServer'</Description>
          <Count>16</Count>
        </Item>
      </Statistic>
      <Statistic Action="Run 'KeyTopParkHttp'">
        <Item>
          <IdeaActionID>Run</IdeaActionID>
          <ShortCut>'Shift+F10'</ShortCut>
          <Description>Run 'KeyTopParkHttp'</Description>
          <Count>2</Count>
        </Item>
      </Statistic>
      <Statistic Action="Run 'LjKeyAcsTcp'">
        <Item>
          <IdeaActionID>Run</IdeaActionID>
          <ShortCut>'Shift+F10'</ShortCut>
          <Description>Run 'LjKeyAcsTcp'</Description>
          <Count>3</Count>
        </Item>
      </Statistic>
      <Statistic Action="Run 'RxtxClient'">
        <Item>
          <IdeaActionID>Run</IdeaActionID>
          <ShortCut>'Shift+F10'</ShortCut>
          <Description>Run 'RxtxClient'</Description>
          <Count>21</Count>
        </Item>
      </Statistic>
      <Statistic Action="Run 'Scratch (2)'">
        <Item>
          <IdeaActionID>Run</IdeaActionID>
          <ShortCut>'Shift+F10'</ShortCut>
          <Description>Run 'Scratch (2)'</Description>
          <Count>3</Count>
        </Item>
      </Statistic>
      <Statistic Action="Run 'StaircasePlus'">
        <Item>
          <IdeaActionID>Run</IdeaActionID>
          <ShortCut>'Shift+F10'</ShortCut>
          <Description>Run 'StaircasePlus'</Description>
          <Count>6</Count>
        </Item>
      </Statistic>
      <Statistic Action="Settings...">
        <Item>
          <IdeaActionID>ShowSettings</IdeaActionID>
          <ShortCut>'Ctrl+Alt+S'</ShortCut>
          <Description>Settings...</Description>
          <Count>1</Count>
        </Item>
      </Statistic>
      <Statistic Action="Show Dependencies...">
        <Item>
          <IdeaActionID>ShowUmlDiagram</IdeaActionID>
          <ShortCut>'Ctrl+Alt+Shift+U'</ShortCut>
          <Description>Show Dependencies...</Description>
          <Count>6</Count>
        </Item>
      </Statistic>
      <Statistic Action="Show Diagram...">
        <Item>
          <IdeaActionID>ShowUmlDiagram</IdeaActionID>
          <ShortCut>'Ctrl+Alt+Shift+U'</ShortCut>
          <Description>Show Diagram...</Description>
          <Count>5</Count>
        </Item>
      </Statistic>
      <Statistic Action="Show Diff">
        <Item>
          <IdeaActionID>Diff.ShowDiff</IdeaActionID>
          <ShortCut>'Ctrl+D'</ShortCut>
          <Description>Show Diff</Description>
          <Count>1</Count>
        </Item>
      </Statistic>
      <Statistic Action="Show Execution Point">
        <Item>
          <IdeaActionID>ShowExecutionPoint</IdeaActionID>
          <ShortCut>'Alt+F10'</ShortCut>
          <Description>Show Execution Point</Description>
          <Count>1</Count>
        </Item>
      </Statistic>
      <Statistic Action="Show Translation Dialog...">
        <Item>
          <IdeaActionID>$ShowTranslationDialogAction</IdeaActionID>
          <ShortCut>'Ctrl+Shift+O'</ShortCut>
          <Description>Show Translation Dialog...</Description>
          <Count>12</Count>
        </Item>
      </Statistic>
      <Statistic Action="Stop 'Client'">
        <Item>
          <IdeaActionID>Stop</IdeaActionID>
          <ShortCut>'Ctrl+F2'</ShortCut>
          <Description>Stop 'Client'</Description>
          <Count>2</Count>
        </Item>
      </Statistic>
      <Statistic Action="Stop 'HelloWorldServer'">
        <Item>
          <IdeaActionID>Stop</IdeaActionID>
          <ShortCut>'Ctrl+F2'</ShortCut>
          <Description>Stop 'HelloWorldServer'</Description>
          <Count>69</Count>
        </Item>
      </Statistic>
      <Statistic Action="Stop 'Scratch'">
        <Item>
          <IdeaActionID>Stop</IdeaActionID>
          <ShortCut>'Ctrl+F2'</ShortCut>
          <Description>Stop 'Scratch'</Description>
          <Count>6</Count>
        </Item>
      </Statistic>
      <Statistic Action="Stop 'StaircasePlus'">
        <Item>
          <IdeaActionID>Stop</IdeaActionID>
          <ShortCut>'Ctrl+F2'</ShortCut>
          <Description>Stop 'StaircasePlus'</Description>
          <Count>1</Count>
        </Item>
      </Statistic>
      <Statistic Action="Stop 'UdpServer'">
        <Item>
          <IdeaActionID>Stop</IdeaActionID>
          <ShortCut>'Ctrl+F2'</ShortCut>
          <Description>Stop 'UdpServer'</Description>
          <Count>3</Count>
        </Item>
      </Statistic>
      <Statistic Action="Stop...">
        <Item>
          <IdeaActionID>Stop</IdeaActionID>
          <ShortCut>'Ctrl+F2'</ShortCut>
          <Description>Stop...</Description>
          <Count>4</Count>
        </Item>
      </Statistic>
      <Statistic Action="Synchronize">
        <Item>
          <IdeaActionID>Synchronize</IdeaActionID>
          <ShortCut>'Ctrl+Alt+Y'</ShortCut>
          <Description>Synchronize</Description>
          <Count>1</Count>
        </Item>
      </Statistic>
      <Statistic Action="TODO">
        <Item>
          <IdeaActionID>ActivateTODOToolWindow</IdeaActionID>
          <ShortCut>'Alt+6'</ShortCut>
          <Description>TODO</Description>
          <Count>2</Count>
        </Item>
      </Statistic>
      <Statistic Action="Zoom In">
        <Item>
          <IdeaActionID>UML.ZoomIn</IdeaActionID>
          <ShortCut>'Ctrl+NumPad +' or 'Ctrl+='</ShortCut>
          <Description>Zoom In</Description>
          <Count>1</Count>
        </Item>
      </Statistic>
      <Statistic Action="编码规约扫描">
        <Item>
          <IdeaActionID>AliP3CInspectionAction</IdeaActionID>
          <ShortCut>'Ctrl+Alt+Shift+J'</ShortCut>
          <Description>编码规约扫描</Description>
          <Count>2</Count>
        </Item>
      </Statistic>
    </option>
    <option name="suppressed">
      <Statistic Action="Back">
        <Item>
          <IdeaActionID>Back</IdeaActionID>
          <ShortCut>'Ctrl+Alt+向左箭头' or 'Button4 Click'</ShortCut>
          <Description>Back</Description>
          <Count>232</Count>
        </Item>
      </Statistic>
      <Statistic Action="Build Project">
        <Item>
          <IdeaActionID>CompileDirty</IdeaActionID>
          <ShortCut>'Ctrl+F9'</ShortCut>
          <Description>Build Project</Description>
          <Count>2</Count>
        </Item>
      </Statistic>
      <Statistic Action="Close">
        <Item>
          <IdeaActionID>CloseContent</IdeaActionID>
          <ShortCut>'Ctrl+F4'</ShortCut>
          <Description>Close</Description>
          <Count>8</Count>
        </Item>
      </Statistic>
      <Statistic Action="Copy">
        <Item>
          <IdeaActionID>$Copy</IdeaActionID>
          <ShortCut>'Ctrl+C' or 'Ctrl+Insert'</ShortCut>
          <Description>Copy</Description>
          <Count>19</Count>
        </Item>
      </Statistic>
      <Statistic Action="Debug 'Client (1)'">
        <Item>
          <IdeaActionID>Debug</IdeaActionID>
          <ShortCut>'Shift+F9'</ShortCut>
          <Description>Debug 'Client (1)'</Description>
          <Count>13</Count>
        </Item>
      </Statistic>
      <Statistic Action="Debug 'DAPC'">
        <Item>
          <IdeaActionID>Debug</IdeaActionID>
          <ShortCut>'Shift+F9'</ShortCut>
          <Description>Debug 'DAPC'</Description>
          <Count>25</Count>
        </Item>
      </Statistic>
      <Statistic Action="Debug 'FastThreadLocalTest'">
        <Item>
          <IdeaActionID>Debug</IdeaActionID>
          <ShortCut>'Shift+F9'</ShortCut>
          <Description>Debug 'FastThreadLocalTest'</Description>
          <Count>1</Count>
        </Item>
      </Statistic>
      <Statistic Action="Debug 'Scratch'">
        <Item>
          <IdeaActionID>Debug</IdeaActionID>
          <ShortCut>'Shift+F9'</ShortCut>
          <Description>Debug 'Scratch'</Description>
          <Count>1</Count>
        </Item>
      </Statistic>
      <Statistic Action="Declaration">
        <Item>
          <IdeaActionID>GotoDeclaration</IdeaActionID>
          <ShortCut>'Ctrl+B' or 'Ctrl+Button1 Click' or 'Button2 Click'</ShortCut>
          <Description>Declaration</Description>
          <Count>312</Count>
        </Item>
      </Statistic>
      <Statistic Action="Delete...">
        <Item>
          <IdeaActionID>$Delete</IdeaActionID>
          <ShortCut>'Delete'</ShortCut>
          <Description>Delete...</Description>
          <Count>1</Count>
        </Item>
      </Statistic>
      <Statistic Action="Forward">
        <Item>
          <IdeaActionID>Forward</IdeaActionID>
          <ShortCut>'Ctrl+Alt+向右箭头' or 'Button5 Click'</ShortCut>
          <Description>Forward</Description>
          <Count>70</Count>
        </Item>
      </Statistic>
      <Statistic Action="Hide All Windows">
        <Item>
          <IdeaActionID>HideAllWindows</IdeaActionID>
          <ShortCut>'Ctrl+Shift+F12'</ShortCut>
          <Description>Hide All Windows</Description>
          <Count>152</Count>
        </Item>
      </Statistic>
      <Statistic Action="Paste">
        <Item>
          <IdeaActionID>$Paste</IdeaActionID>
          <ShortCut>'Ctrl+V' or 'Shift+Insert'</ShortCut>
          <Description>Paste</Description>
          <Count>15</Count>
        </Item>
      </Statistic>
      <Statistic Action="Refresh">
        <Item>
          <IdeaActionID>Vcs.Log.Refresh</IdeaActionID>
          <ShortCut>'Ctrl+F5'</ShortCut>
          <Description>Refresh</Description>
          <Count>17</Count>
        </Item>
      </Statistic>
      <Statistic Action="Run 'DAPC'">
        <Item>
          <IdeaActionID>Run</IdeaActionID>
          <ShortCut>'Shift+F10'</ShortCut>
          <Description>Run 'DAPC'</Description>
          <Count>49</Count>
        </Item>
      </Statistic>
      <Statistic Action="Run 'Scratch'">
        <Item>
          <IdeaActionID>Run</IdeaActionID>
          <ShortCut>'Shift+F10'</ShortCut>
          <Description>Run 'Scratch'</Description>
          <Count>2</Count>
        </Item>
      </Statistic>
      <Statistic Action="Run 'UdpClient'">
        <Item>
          <IdeaActionID>Run</IdeaActionID>
          <ShortCut>'Shift+F10'</ShortCut>
          <Description>Run 'UdpClient'</Description>
          <Count>4</Count>
        </Item>
      </Statistic>
      <Statistic Action="Run 'UdpServer'">
        <Item>
          <IdeaActionID>Run</IdeaActionID>
          <ShortCut>'Shift+F10'</ShortCut>
          <Description>Run 'UdpServer'</Description>
          <Count>8</Count>
        </Item>
      </Statistic>
      <Statistic Action="Step Into">
        <Item>
          <IdeaActionID>StepInto</IdeaActionID>
          <ShortCut>'F7'</ShortCut>
          <Description>Step Into</Description>
          <Count>944</Count>
        </Item>
      </Statistic>
      <Statistic Action="Step Over">
        <Item>
          <IdeaActionID>StepOver</IdeaActionID>
          <ShortCut>'F8'</ShortCut>
          <Description>Step Over</Description>
          <Count>1497</Count>
        </Item>
      </Statistic>
      <Statistic Action="Stop 'Client (1)'">
        <Item>
          <IdeaActionID>Stop</IdeaActionID>
          <ShortCut>'Ctrl+F2'</ShortCut>
          <Description>Stop 'Client (1)'</Description>
          <Count>18</Count>
        </Item>
      </Statistic>
      <Statistic Action="Stop 'DAPC'">
        <Item>
          <IdeaActionID>Stop</IdeaActionID>
          <ShortCut>'Ctrl+F2'</ShortCut>
          <Description>Stop 'DAPC'</Description>
          <Count>66</Count>
        </Item>
      </Statistic>
      <Statistic Action="Stop 'FastThreadLocalTest'">
        <Item>
          <IdeaActionID>Stop</IdeaActionID>
          <ShortCut>'Ctrl+F2'</ShortCut>
          <Description>Stop 'FastThreadLocalTest'</Description>
          <Count>3</Count>
        </Item>
      </Statistic>
      <Statistic Action="Stop 'RxtxClient'">
        <Item>
          <IdeaActionID>Stop</IdeaActionID>
          <ShortCut>'Ctrl+F2'</ShortCut>
          <Description>Stop 'RxtxClient'</Description>
          <Count>13</Count>
        </Item>
      </Statistic>
      <Statistic Action="Stop 'UdpClient'">
        <Item>
          <IdeaActionID>Stop</IdeaActionID>
          <ShortCut>'Ctrl+F2'</ShortCut>
          <Description>Stop 'UdpClient'</Description>
          <Count>4</Count>
        </Item>
      </Statistic>
      <Statistic Action="Toggle Line Breakpoint">
        <Item>
          <IdeaActionID>ToggleLineBreakpoint</IdeaActionID>
          <ShortCut>'Ctrl+F8'</ShortCut>
          <Description>Toggle Line Breakpoint</Description>
          <Count>173</Count>
        </Item>
      </Statistic>
      <Statistic Action="Translate">
        <Item>
          <IdeaActionID>$EditorTranslateAction</IdeaActionID>
          <ShortCut>'Ctrl+Shift+Y'</ShortCut>
          <Description>Translate</Description>
          <Count>29</Count>
        </Item>
      </Statistic>
    </option>
  </component>
</application>