<application>
  <component name="PropertiesComponent">
    <property name="AFTER.DISTRACTION.MODE.ARE_GUTTER_ICONS_SHOWN" value="false" />
    <property name="AFTER.DISTRACTION.MODE.ARE_LINE_NUMBERS_SHOWN" value="false" />
    <property name="AFTER.DISTRACTION.MODE.EDITOR_TAB_PLACEMENT" value="0" />
    <property name="AFTER.DISTRACTION.MODE.HIDE_TOOL_STRIPES" value="true" />
    <property name="AFTER.DISTRACTION.MODE.IS_FOLDING_OUTLINE_SHOWN" value="false" />
    <property name="AFTER.DISTRACTION.MODE.IS_INDENT_GUIDES_SHOWN" value="false" />
    <property name="AFTER.DISTRACTION.MODE.IS_RIGHT_MARGIN_SHOWN" value="false" />
    <property name="AFTER.DISTRACTION.MODE.IS_WHITESPACES_SHOWN" value="false" />
    <property name="AFTER.DISTRACTION.MODE.SHOW_BREADCRUMBS" value="false" />
    <property name="AFTER.DISTRACTION.MODE.SHOW_MAIN_TOOLBAR" value="false" />
    <property name="AFTER.DISTRACTION.MODE.SHOW_METHOD_SEPARATORS" value="false" />
    <property name="AFTER.DISTRACTION.MODE.SHOW_NAVIGATION_BAR" value="false" />
    <property name="AFTER.DISTRACTION.MODE.SHOW_STATUS_BAR" value="false" />
    <property name="BEFORE.DISTRACTION.MODE.ARE_GUTTER_ICONS_SHOWN" value="true" />
    <property name="BEFORE.DISTRACTION.MODE.ARE_LINE_NUMBERS_SHOWN" value="true" />
    <property name="BEFORE.DISTRACTION.MODE.EDITOR_TAB_PLACEMENT" value="1" />
    <property name="BEFORE.DISTRACTION.MODE.HIDE_TOOL_STRIPES" value="true" />
    <property name="BEFORE.DISTRACTION.MODE.IS_FOLDING_OUTLINE_SHOWN" value="true" />
    <property name="BEFORE.DISTRACTION.MODE.IS_INDENT_GUIDES_SHOWN" value="true" />
    <property name="BEFORE.DISTRACTION.MODE.IS_RIGHT_MARGIN_SHOWN" value="true" />
    <property name="BEFORE.DISTRACTION.MODE.IS_WHITESPACES_SHOWN" value="false" />
    <property name="BEFORE.DISTRACTION.MODE.SHOW_BREADCRUMBS" value="true" />
    <property name="BEFORE.DISTRACTION.MODE.SHOW_MAIN_TOOLBAR" value="true" />
    <property name="BEFORE.DISTRACTION.MODE.SHOW_METHOD_SEPARATORS" value="false" />
    <property name="BEFORE.DISTRACTION.MODE.SHOW_NAVIGATION_BAR" value="false" />
    <property name="BEFORE.DISTRACTION.MODE.SHOW_STATUS_BAR" value="true" />
    <property name="CommitChangeListDialog.DETAILS_SPLITTER_PROPORTION_2" value="0.7632933" />
    <property name="Copy.OpenInEditor" value="true" />
    <property name="DBE.Default.Dialect" value="" />
    <property name="Default.savedEditorTheme" value="_@user_Default" />
    <property name="ExpandBeforeRunStepsPanel" value="true" />
    <property name="ExpandRunDashboardTypesPanel" value="false" />
    <property name="FileTemplates.SelectedTemplate" value="HTML File" />
    <property name="INSPECTION_FILTER_HISTORY" value="serial&#10;seri" />
    <property name="InstalledPluginsSearchHistory" value="iedis&#10;ac&#10;#disabled&#10;Key promoter X&#10;web" />
    <property name="JUnit.Splitter.Proportion" value="0.13906753" />
    <property name="JUnitSupport.hidePassedTests" value="false" />
    <property name="LAST_INJECTED_LANGUAGE" value="JSON" />
    <property name="LiveContextsPanel[0]" value="0.17331022" />
    <property name="MavenModuleWizard.inheritGroupId" value="true" />
    <property name="MavenModuleWizard.inheritVersion" value="true" />
    <property name="MemberChooser.copyJavadoc" value="false" />
    <property name="MemberChooser.showClasses" value="true" />
    <property name="PLUGIN_FILTER" value="lombok&#10;soap&#10;st&#10;statistic&#10;netbean" />
    <property name="SearchEveryWhereHistory" value="NativeCode&#10;Sell&#10;pom&#10;si&#10;habase" />
    <property name="SettingsSearchHistory" value="live&#10;CXF&#10;Tab,Indent&#10;temple&#10;temple8" />
    <property name="SingleInspectionProfilePanel.VERTICAL_DIVIDER_PROPORTION" value="0.7266436" />
    <property name="SpringBeansModulesPanel[0]" value="0.16792612" />
    <property name="SpringBeansModulesPanel[1]" value="0.2020202" />
    <property name="SpringBeansModulesPanel[2]" value="0.2534854" />
    <property name="SpringBeansModulesPanel[3]" value="0.33955857" />
    <property name="TEMPLATES_FILTER_HISTORY" value="java" />
    <property name="TrendingPluginsSearchHistory" value="iedis&#10;activate-power-mode&#10;Key promoter X&#10;c++" />
    <property name="Vcs.Log.Text.Filter.History" value="adeda6e&#10;3d3b91d&#10;a0b8eb7d818dd4e93e758da3eb741af1db4d49c0&#10;68ea591&#10;98218505ca5d069afa78d9df895cb288eb17f998" />
    <property name="cn.yiiguxing.plugin.translate.version" value="2.3.2" />
    <property name="com.intellij.openapi.roots.ui.configuration.TabbedModuleEditor.selectedEditor" value="Dependencies" />
    <property name="create.project.preferred.importer" value="Existing Sources" />
    <property name="decompiler.legal.notice.accepted" value="true" />
    <property name="defaultJdkConfigured" value="true" />
    <property name="eclipse.project.dir" value="F:\DAPC2.5" />
    <property name="evlsprt3.182" value="11" />
    <property name="evlsprt3.183" value="11" />
    <property name="file.chooser.recent.files" value="F:/协议库/停车引导/海康iSecureCenter平台-HTTP-福建泉州城东万达/OpenAPI安全认证库-JAVA版本 v1.0.0/artemis-sdk-demo&#10;F:/协议库/停车引导/海康iSecureCenter平台-HTTP-福建泉州城东万达/OpenAPI安全认证库-JAVA版本 v1.0.0/artemis-sdk-demo/artemis-sdk-demo.iml&#10;C:/Users/xi/Downloads/Compressed/j-interop-code-r149-trunk&#10;F:/DAPC2.5&#10;C:/Users/xi/Downloads/Compressed/j-interop-code-r149-tags-j-interop_release_2.08/lib&#10;C:/Users/xi/Downloads/Compressed/j-interop-code-r149-tags-j-interop_release_2.08&#10;F:/TencentFiles/DAPC&#10;F:/TencentFiles/DAPC/DAPC.iml&#10;D:/JavaDemo/base/src/main/lib&#10;D:/DAPC&#10;D:/JavaDemo&#10;C:/Users/xi/Desktop/Java调用接口SDK依赖包 (1)/artemis-sdk-demo/.project&#10;C:/Users/xi/Desktop/Java调用接口SDK依赖包 (1)/artemis-sdk-demo/artemis-sdk-demo.iml&#10;C:/Users/xi/Desktop/Java调用接口SDK依赖包 (1)/artemis-http-client（JDK7）&#10;D:/HCNetSDK&#10;C:/Users/xi/Desktop/OpenAPI安全认证库-JAVA版本 v1.0.0/artemis-sdk-demo/.project&#10;D:/&#10;C:/Users/xi/Downloads/Compressed/2019_001_FJQZCDWD附件/OpenAPI安全认证库-JAVA版本 v1.0.0/artemis-sdk-demo/.project&#10;D:/first-app-demo&#10;C:/Program Files (x86)/Java/jdk1.8.0_171/bin/jvisualvm.exe&#10;F:/TencentFiles/DAPC/lib&#10;F:/TencentFiles/DAPC/.project&#10;F:/delta.wsdl&#10;F:/DAPC2.5/.project&#10;D:/DAPC2.5/lib&#10;D:/DAPC/src/main/resources/lib&#10;D:/DAPC/src/main/resources/dll&#10;D:/modjn/pom.xml&#10;D:/iot-plat/pom.xml&#10;D:/HCNetSDK/lib" />
    <property name="file.gist.reindex.count" value="45712" />
    <property name="fileTypeChangedCounter" value="5" />
    <property name="ideavim.statistics.timestamp" value="1551949851600" />
    <property name="installed.kotlin.plugin.version" value="1.3.11-release-IJ2018.3-1" />
    <property name="jdk.selected.JAVA_MODULE" value="1.8" />
    <property name="kotlin.lastUpdateCheck" value="1537583401625" />
    <property name="last.imported.location" value="F:/协议库/停车引导/海康iSecureCenter平台-HTTP-福建泉州城东万达/OpenAPI安全认证库-JAVA版本 v1.0.0/artemis-sdk-demo" />
    <property name="lastTip" value="1" />
    <property name="org.intellij.images.editor.actions.BackgroundImageDialog#recent" value="" />
    <property name="project.wizard.group" value="SpringInitializr" />
    <property name="project.wizard.template" value="Spring Initializr" />
    <property name="search.everywhere.max.popup.width" value="830" />
    <property name="settings.code.style.selected.tab.JAVA" value="Tabs and Indents" />
    <property name="spring.initializr.service.url.history" value="" />
    <property name="spring.initializr.service.url.last" value="https://start.spring.io" />
    <property name="ts.lib.d.ts.version" value="3.2.1" />
    <property name="vcs.history.diff.splitter.proportion" value="0.5526932" />
    <property name="vcs.log.changes.splitter.proportion" value="0.6518345" />
  </component>
  <component name="WebServicesPluginSettings" SelectedPlatform="Glassfish / JAX-WS 2.2 RI / Metro 1.X / JWSDP 2.2" SelectedBinding="ADB">
    <StubPackage>com.dahai.cloudplatform.webservice</StubPackage>
    <StubPackage>webservice.ipservice</StubPackage>
    <StubUrl>file:/F:/delta.wsdl</StubUrl>
    <StubUrl>http://www.webxml.com.cn/WebServices/IpAddressSearchWebService.asmx?wsdl</StubUrl>
  </component>
  <component name="com.seventh7.widget.iedis.config.ServerConfigurations">
    <servers>
      <general label="127.0.0.1" host="127.0.0.1" port="6381" pwdcode="5411a124b0dee3b08bde02ae3142d289" timestamp="1550132456240" valueEditorName="com.seventh7.widget.iedis.d.a.c" />
    </servers>
  </component>
</application>