<application>
  <component name="AppStorage">
    <histories>
      <item value="分区" />
      <item value="duplicate" />
      <item value="* Discards the bytes between the 0th index and {@code readerIndex}." />
      <item value="* Returns the backing byte array of this buffer." />
      <item value="预留" />
      <item value="屏蔽" />
      <item value="监管" />
      <item value="反馈" />
      <item value="启动" />
      <item value="确认" />
      <item value="Cannot create copy of Collection type [java.util.concurrent.ConcurrentLinkedQueue] - injecting original Collection as-is&#10;java.lang.InstantiationException: java.util.Queue" />
      <item value="exceeds" />
      <item value="维护" />
      <item value="haystack" />
      <item value="manually" />
      <item value="// Always handle shutdown even if the loop processing threw an exception." />
      <item value="even" />
      <item value="Protobuf Decoder" />
      <item value="technics" />
      <item value="reconnection" />
      <item value="Interupted" />
      <item value="transport" />
      <item value="evict" />
      <item value="Evicted" />
      <item value="scavenge" />
      <item value="// a queue that makes only moderate guarantees about visibility: items are seen in the correct order, // but we aren't absolutely guaranteed to ever see anything at all, thereby keeping the queue cheap to maintain" />
      <item value="// we keep a queue of per-thread queues, which is appended to once only, each time a new thread other // than the stack owner recycles: when we run out of items in our stack we iterate this collection // to scavenge those that can be reused. this permits us to incur minimal thread synchronisation whilst // still recycling all items." />
      <item value="NOOP" />
      <item value="* Retrieves the number of milliseconds the driver will * wait for a database request to complete. * If the limit is exceeded, a * &lt;code&gt;SQLException&lt;/code&gt; is thrown. * * @return the current timeout limit in milliseconds; zero means there is * no limit * @throws SQLException if a database access error occurs or * this method is called on a closed &lt;code&gt;Connection&lt;/code&gt; * @exception SQLFeatureNotSupportedException if the JDBC driver does not support * this method * @see #setNetworkTimeout * @since 1.7" />
      <item value="* An interface to allow for exception evaluation." />
      <item value="fatal" />
      <item value="* Returns true or false whether or not the exception is fatal." />
      <item value="active Peak" />
      <item value="evaluation" />
      <item value="Elapse" />
      <item value="skip not validate connection" />
      <item value="// fail over retry attempts" />
      <item value="expunge Stale Entry" />
      <item value="* The internal data structure that stores the thread-local variables for Netty and all {@link FastThreadLocal}s. * Note that this class is for internal use only and is subject to change at any time. Use {@link FastThreadLocal} * unless you know what you are doing." />
      <item value="transient" />
      <item value="remove From Variables To Remove" />
      <item value="* Set the value for the specified thread local map. The specified thread local map must be for the current thread." />
      <item value="add To Variables To Remove" />
      <item value="an instance of this class should occupy at least 128 bytes" />
      <item value="Compressed" />
      <item value="Compressed Oops" />
      <item value="lookup" />
      <item value="isolated" />
      <item value="Unpadded" />
      <item value="Unpadded Internal Thread Local Map" />
    </histories>
    <option name="languageScores">
      <map>
        <entry key="CHINESE" value="223" />
        <entry key="ENGLISH" value="224" />
        <entry key="ESTONIAN" value="1" />
        <entry key="GERMAN" value="1" />
        <entry key="FRENCH" value="1" />
        <entry key="LATIN" value="1" />
        <entry key="ROMANIAN" value="1" />
        <entry key="VIETNAMESE" value="1" />
      </map>
    </option>
  </component>
  <component name="Settings">
    <option name="ignoreRegExp" value="" />
  </component>
</application>